PCON24CD,First party,Electorate,Valid votes,Invalid votes,PCON24NM,Other tenure,Owned outright,Owned with a mortgage or loan,Private rented,Social rented,value
W07000081,Lab,72580,35755,79,Aberafan Maesteg,0.3,37.0,27.3,15.5,19.9,0.49
E14001063,Lab,78553,48544,179,Aldershot,1.8,27.7,35.5,20.0,15.1,0.518
E14001065,Lab,74025,51452,184,Altrincham and Sale West,0.6,37.7,36.4,13.8,11.4,0.485
W07000082,Lab,75790,43392,135,Alyn and Deeside,0.5,36.2,34.5,13.8,15.0,0.518
E14001066,Lab,71546,42531,105,Amber Valley,0.6,39.2,30.7,14.8,14.7,0.508
E14001069,Lab,76233,46975,164,Ashford,1.8,30.2,34.5,19.3,14.1,0.492
E14001070,Lab,71002,35461,136,Ashton-under-Lyne,0.4,29.1,28.4,19.6,22.5,0.508
E14001071,Lab,79169,49940,213,Aylesbury,1.8,30.2,36.1,16.5,15.4,0.483
E14001072,Lab,73250,48178,187,Banbury,1.7,33.8,30.0,19.4,15.1,0.508
W07000083,Lab,70527,41660,154,Bangor Aberconwy,0.5,41.5,24.1,19.6,14.3,0.483
E14001073,Lab,79822,36477,120,Barking,2.4,13.1,26.2,25.6,32.8,0.518
E14001074,Lab,78274,36894,114,Barnsley North,0.7,32.4,30.0,17.3,19.6,0.507
E14001075,Lab,75853,35082,78,Barnsley South,0.9,30.3,27.4,19.1,22.3,0.494
E14001076,Lab,74980,42221,141,Barrow and Furness,0.3,41.4,31.3,16.2,10.8,0.51
E14001078,Lab,78487,48989,189,Basingstoke,1.8,27.5,33.3,16.8,20.7,0.5
E14001079,Lab,78161,44878,150,Bassetlaw,0.6,36.6,30.5,16.6,15.8,0.481
E14001081,Lab,72827,47082,237,Battersea,2.4,15.9,21.2,38.0,22.5,0.491
E14001083,Lab,77198,52222,218,Beckenham and Penge,1.1,28.0,33.7,22.8,14.5,0.517
E14001084,Lab,72478,40659,210,Bedford,1.3,28.4,26.0,24.6,19.8,0.516
E14001085,Lab,69482,37603,180,Bermondsey and Old Southwark,3.0,9.2,14.5,36.1,37.2,0.492
E14001086,Lab,81439,46647,320,Bethnal Green and Stepney,2.8,7.5,12.6,36.3,40.8,0.497
E14001089,Lab,70297,43461,118,Bexleyheath and Crayford,1.2,33.9,37.2,13.4,14.3,0.5
E14001091,Lab,78091,43134,142,Birkenhead,0.9,28.1,25.4,23.0,22.5,0.493
E14001092,Lab,71787,37428,179,Birmingham Edgbaston,1.5,26.1,23.6,24.7,24.1,0.491
E14001093,Lab,77463,34137,152,Birmingham Erdington,1.3,25.1,26.5,21.8,25.2,0.501
E14001094,Lab,76936,41606,256,Birmingham Hall Green and Moseley,0.6,31.6,26.8,24.4,16.4,0.482
E14001095,Lab,77737,34136,127,Birmingham Hodge Hill and Solihull North,1.5,26.6,27.5,15.8,28.5,0.515
E14001096,Lab,83693,36579,203,Birmingham Ladywood,1.2,14.0,12.9,36.4,35.6,0.485
E14001097,Lab,74048,37652,138,Birmingham Northfield,2.1,27.3,27.2,14.8,28.7,0.487
E14001099,Lab,75678,38423,144,Birmingham Selly Oak,1.6,27.8,26.8,22.7,21.0,0.492
E14001100,Lab,73203,36144,128,Birmingham Yardley,0.8,29.3,29.0,22.2,18.6,0.519
E14001101,Lab,70745,40427,133,Bishop Auckland,0.3,38.1,25.3,18.6,17.8,0.513
E14001103,Lab,72303,31340,149,Blackley and Middleton South,1.0,23.6,23.9,22.6,28.8,0.494
E14001104,Lab,73339,41810,128,Blackpool North and Fleetwood,0.5,40.6,28.7,21.0,9.2,0.514
E14001105,Lab,77460,35180,129,Blackpool South,0.4,28.8,25.1,34.9,10.8,0.503
W07000084,Lab,70153,29922,516,Blaenau Gwent and Rhymney,0.2,34.7,25.3,16.0,23.8,0.51
E14001106,Lab,70487,42216,120,Blaydon and Consett,0.4,34.9,32.0,15.2,17.5,0.496
E14001107,Lab,76595,40401,126,Blyth and Ashington,0.6,31.6,27.4,17.8,22.6,0.505
E14001109,Lab,77207,42434,111,Bolsover,0.5,35.6,30.4,15.9,17.5,0.483
E14001110,Lab,80011,43359,148,Bolton North East,0.5,33.2,26.7,18.0,21.5,0.5
E14001111,Lab,79622,36930,138,Bolton South and Walkden,1.0,25.6,24.9,20.4,28.1,0.514
E14001112,Lab,74933,44598,180,Bolton West,0.6,38.1,33.5,15.0,12.9,0.509
E14001113,Lab,73037,38880,139,Bootle,0.7,26.3,26.3,19.6,27.1,0.504
E14001115,Lab,72354,44910,143,Bournemouth East,0.7,28.3,28.8,33.2,9.1,0.512
E14001116,Lab,70259,39418,137,Bournemouth West,0.7,28.8,26.1,31.6,12.8,0.482
E14001117,Lab,71660,43837,155,Bracknell,1.8,27.0,37.3,16.1,17.9,0.518
E14001118,Lab,75164,37216,148,Bradford East,0.7,27.4,28.3,24.7,18.8,0.517
E14001119,Lab,70999,33042,91,Bradford South,0.4,27.8,31.8,22.6,17.3,0.486
E14001120,Lab,77897,37081,219,Bradford West,0.6,27.0,25.3,31.0,16.2,0.504
E14001122,Lab,77547,37802,243,Brent East,2.3,17.7,16.3,35.6,28.0,0.497
E14001123,Lab,80027,41376,199,Brent West,2.1,24.9,20.6,37.4,15.0,0.511
E14001124,Lab,79423,45254,219,Brentford and Isleworth,2.6,21.7,24.9,32.1,18.7,0.487
W07000086,Lab,73168,41374,108,Bridgend,0.3,38.2,34.6,14.3,12.7,0.49
E14001129,Lab,68784,40686,557,Brighton Kemptown and Peacehaven,1.2,28.8,23.2,25.2,21.5,0.519
E14001132,Lab,75917,46109,845,Bristol East,1.0,24.5,31.6,23.7,19.2,0.485
E14001133,Lab,70076,41989,160,Bristol North East,1.2,28.6,31.8,20.4,18.0,0.49
E14001134,Lab,74869,48464,264,Bristol North West,0.8,31.1,30.4,18.2,19.5,0.506
E14001135,Lab,75533,43403,179,Bristol South,1.5,25.1,30.7,19.8,23.1,0.488
E14001140,Lab,70440,47838,165,Broxtowe,0.5,39.5,30.7,17.9,11.4,0.517
E14001141,Lab,74832,47641,206,Buckingham and Bletchley,3.5,30.8,33.6,16.4,15.7,0.482
E14001142,Lab,74954,39719,130,Burnley,0.3,33.8,27.3,23.8,14.7,0.506
E14001143,Lab,77994,45627,161,Burton and Uttoxeter,0.8,34.9,30.3,20.3,13.8,0.488
E14001144,Lab,77686,45520,174,Bury North,0.5,35.8,31.7,17.0,15.0,0.486
E14001145,Lab,75326,42214,170,Bury South,0.5,31.6,32.2,20.1,15.7,0.482
E14001146,Lab,78479,50893,193,Bury St Edmunds and Stowmarket,1.2,37.8,27.8,18.2,15.0,0.518
W07000088,Lab,72648,38234,156,Caerphilly,0.3,35.7,33.2,12.9,17.9,0.511
E14001147,Lab,77364,49608,188,Calder Valley,0.6,37.5,31.5,18.2,12.2,0.515
E14001148,Lab,74342,47785,196,Camborne and Redruth,1.6,39.6,26.0,19.0,13.7,0.503
E14001149,Lab,70321,42100,372,Cambridge,2.0,23.6,18.7,33.0,22.8,0.489
E14001150,Lab,76974,42953,119,Cannock Chase,0.9,33.9,33.2,15.8,16.2,0.488
E14001151,Lab,71155,47231,173,Canterbury,0.9,36.3,24.4,24.2,14.1,0.5
W07000089,Lab,72876,39123,172,Cardiff East,0.6,27.0,27.8,24.9,19.7,0.489
W07000090,Lab,71460,47473,232,Cardiff North,0.6,38.2,35.6,15.3,10.3,0.509
W07000091,Lab,73060,39176,221,Cardiff South and Penarth,0.5,25.6,25.9,33.2,14.7,0.5
W07000092,Lab,75697,44757,195,Cardiff West,0.5,31.0,31.4,17.9,19.1,0.484
E14001152,Lab,77863,45979,152,Carlisle,0.9,37.5,28.8,17.9,14.9,0.483
E14001157,Lab,75109,40845,124,Chatham and Aylesford,1.6,29.7,35.7,17.8,15.2,0.509
E14001160,Lab,78468,47116,184,Chelsea and Fulham,1.2,18.6,17.1,38.1,25.0,0.511
E14001163,Lab,70215,44694,216,Chester North and Neston,1.0,35.8,27.2,19.8,16.2,0.515
E14001165,Lab,71645,41555,135,Chesterfield,0.5,35.9,26.6,16.4,20.6,0.487
E14001169,Lab,78038,50859,209,Chipping Barnet,1.1,32.0,32.3,23.3,11.2,0.484
E14001172,Lab,73369,39215,202,Cities of London and Westminster,0.9,18.6,11.0,47.0,22.5,0.487
E14001173,Lab,70583,40627,165,City of Durham,0.4,35.3,27.2,18.3,18.7,0.51
E14001175,Lab,83114,42741,209,Clapham and Brixton Hill,1.7,11.1,20.7,32.8,33.7,0.491
W07000094,Lab,76637,47822,163,Clwyd East,0.6,43.8,28.7,14.8,12.1,0.51
W07000095,Lab,75027,41627,111,Clwyd North,0.8,38.5,25.8,20.9,14.0,0.484
E14001176,Lab,78662,44903,156,Colchester,0.6,26.8,30.4,26.7,15.5,0.494
E14001177,Lab,72638,46221,139,Colne Valley,0.6,39.0,34.2,17.4,8.8,0.514
E14001178,Lab,72914,50125,153,Congleton,1.5,42.5,33.9,11.5,10.7,0.496
E14001179,Lab,78770,49589,165,Corby and East Northamptonshire,1.1,30.6,33.9,18.0,16.5,0.495
E14001180,Lab,75773,37014,144,Coventry East,1.0,27.1,25.8,23.6,22.6,0.506
E14001181,Lab,75036,42030,180,Coventry North West,0.9,32.9,30.3,23.8,12.2,0.482
E14001182,Lab,76232,42731,159,Coventry South,0.7,30.3,26.2,27.1,15.8,0.501
E14001183,Lab,76228,45394,128,Cramlington and Killingworth,0.9,33.3,34.0,11.8,19.9,0.512
E14001184,Lab,75569,45642,190,Crawley,1.5,24.0,31.7,19.8,22.9,0.49
E14001185,Lab,77095,47197,140,Crewe and Nantwich,1.1,34.8,30.4,20.1,13.6,0.502
E14001186,Lab,76595,43779,174,Croydon East,1.2,27.4,30.6,19.5,21.3,0.498
E14001188,Lab,77891,38122,172,Croydon West,2.1,15.3,24.3,36.3,21.9,0.494
E14001189,Lab,76475,38867,118,Dagenham and Rainham,1.3,24.7,31.8,19.4,22.8,0.518
E14001190,Lab,70672,42378,121,Darlington,0.5,32.2,28.8,21.4,17.2,0.515
E14001191,Lab,75426,44488,272,Dartford,2.6,26.0,38.7,18.8,14.0,0.496
E14001193,Lab,71879,40919,187,Derby North,1.0,31.0,27.3,21.8,19.0,0.481
E14001194,Lab,72944,37399,145,Derby South,0.9,26.8,25.4,24.1,22.9,0.503
E14001195,Lab,73324,51272,173,Derbyshire Dales,1.0,46.2,26.7,14.6,11.6,0.512
E14001198,Lab,74678,37944,113,Doncaster Central,0.6,31.3,27.5,24.0,16.6,0.512
E14001199,Lab,70154,39132,134,Doncaster East and the Isle of Axholme,0.6,39.7,32.5,14.6,12.6,0.511
E14001200,Lab,69759,31002,475,Doncaster North,0.8,34.0,29.0,17.8,18.4,0.498
E14001202,Lab,76406,47775,185,Dover and Deal,0.8,38.2,27.2,19.5,14.2,0.511
E14001204,Lab,70151,35796,110,Dudley,1.0,32.8,26.7,14.2,25.3,0.499
E14001205,Lab,79894,45378,227,Dulwich and West Norwood,1.7,15.3,24.4,24.6,33.9,0.488
E14001206,Lab,76742,46045,171,Dunstable and Leighton Buzzard,1.7,30.9,37.5,15.3,14.6,0.508
E14001207,Lab,78436,47769,254,Ealing Central and Acton,2.5,18.9,20.0,38.6,19.9,0.516
E14001208,Lab,74820,43232,198,Ealing North,2.0,23.6,26.3,28.3,19.8,0.507
E14001209,Lab,78669,46816,214,Ealing Southall,2.2,24.8,23.6,33.0,16.5,0.496
E14001210,Lab,73548,45914,572,Earley and Woodley,2.1,31.3,38.2,16.0,12.4,0.499
E14001211,Lab,69395,34324,72,Easington,0.4,32.7,26.9,17.1,23.0,0.483
E14001213,Lab,79219,37892,173,East Ham,1.3,17.7,20.5,38.9,21.6,0.506
E14001216,Lab,74927,42713,167,East Thanet,0.5,34.0,24.0,28.3,13.2,0.489
E14001218,Lab,74738,49078,181,East Worthing and Shoreham,0.7,38.9,33.3,16.7,10.5,0.502
E14001221,Lab,75792,41045,204,Edmonton and Winchmore Hill,1.1,25.8,24.1,29.8,19.2,0.496
E14001222,Lab,70799,41964,153,Ellesmere Port and Bromborough,1.0,33.2,33.1,14.9,17.8,0.513
E14001223,Lab,73979,45566,192,Eltham and Chislehurst,1.5,26.2,31.6,16.4,24.3,0.501
E14001225,Lab,78770,43492,159,Enfield North,1.6,23.9,27.1,27.7,19.8,0.484
E14001228,Lab,71501,43006,175,Erewash,0.6,35.6,32.3,18.0,13.5,0.493
E14001229,Lab,78740,40379,157,Erith and Thamesmead,2.0,16.8,24.5,25.4,31.4,0.514
E14001231,Lab,67840,40195,180,Exeter,0.9,29.5,24.3,28.0,17.3,0.511
E14001236,Lab,76982,38887,165,Feltham and Heston,2.7,20.3,25.0,27.4,24.5,0.513
E14001237,Lab,77582,50367,152,Filton and Bradley Stoke,1.4,30.6,36.9,20.3,10.7,0.518
E14001238,Lab,77500,49289,202,Finchley and Golders Green,0.8,26.9,23.3,38.3,10.8,0.487
E14001239,Lab,70056,43246,146,Folkestone and Hythe,0.8,38.3,25.1,24.2,11.5,0.518
E14001240,Lab,72857,48091,233,Forest of Dean,0.9,44.5,28.5,13.4,12.7,0.519
E14001244,Lab,69827,40217,140,Gateshead Central and Whickham,0.6,29.1,26.4,19.7,24.2,0.5
E14001245,Lab,77006,48722,176,Gedling,0.6,39.0,33.9,16.5,10.1,0.519
E14001246,Lab,73523,41140,138,Gillingham and Rainham,1.1,33.7,32.6,21.8,10.7,0.505
E14001248,Lab,79475,45692,144,Gloucester,1.3,29.8,31.5,22.4,15.0,0.492
E14001251,Lab,76524,36560,175,Gorton and Denton,1.0,23.9,25.4,24.5,25.1,0.488
W07000097,Lab,76123,47229,160,Gower,0.5,44.1,31.7,12.4,11.3,0.518
E14001254,Lab,73094,43232,134,Gravesham,1.3,31.2,31.0,19.1,17.4,0.511
E14001255,Lab,76157,36619,97,Great Grimsby and Cleethorpes,0.6,30.9,26.0,27.2,15.4,0.483
E14001257,Lab,73073,42719,221,Greenwich and Woolwich,3.3,11.3,22.7,30.6,32.2,0.485
E14001259,Lab,77812,40959,254,Hackney North and Stoke Newington,1.8,12.0,16.9,32.2,37.1,0.517
E14001260,Lab,78277,41701,213,Hackney South and Shoreditch,3.3,7.7,13.2,31.2,44.6,0.485
E14001261,Lab,68549,38578,142,Halesowen,0.7,36.4,30.7,14.2,18.0,0.505
E14001262,Lab,77516,40214,149,Halifax,0.4,31.7,28.6,22.5,16.9,0.498
E14001264,Lab,75860,46021,260,Hammersmith and Chiswick,1.5,17.7,18.3,36.0,26.5,0.5
E14001265,Lab,80029,48550,238,Hampstead and Highgate,0.9,19.9,17.5,38.6,23.0,0.509
E14001267,Lab,74683,43357,117,Harlow,1.4,25.9,31.5,15.2,26.1,0.508
E14001271,Lab,79902,45241,150,Harrow West,1.6,24.4,27.5,34.8,11.7,0.504
E14001272,Lab,71437,35511,88,Hartlepool,0.8,31.2,27.0,17.5,23.5,0.5
E14001274,Lab,75939,45990,183,Hastings and Rye,0.6,33.9,24.6,26.7,14.2,0.49
E14001276,Lab,74405,38315,118,Hayes and Harlington,1.8,20.1,26.7,31.3,20.0,0.498
E14001278,Lab,71035,44108,168,Hemel Hempstead,0.8,26.8,32.0,15.1,25.3,0.519
E14001279,Lab,74865,41256,190,Hendon,1.8,20.7,23.9,35.4,18.1,0.482
E14001283,Lab,78915,54009,203,Hertford and Stortford,1.6,32.6,35.3,17.6,12.9,0.485
E14001285,Lab,76431,51828,433,Hexham,0.6,42.5,27.3,15.5,14.1,0.496
E14001286,Lab,73328,37130,146,Heywood and Middleton North,0.7,30.5,30.1,17.5,21.2,0.489
E14001287,Lab,74385,49206,178,High Peak,0.8,40.1,30.8,16.1,12.2,0.515
E14001289,Lab,75877,52510,179,Hitchin,1.7,32.5,36.0,15.1,14.7,0.513
E14001290,Lab,71300,38602,223,Holborn and St Pancras,1.2,12.6,10.7,32.2,43.3,0.504
E14001293,Lab,69885,48642,287,Hornsey and Friern Barnet,1.4,22.3,26.8,33.9,15.6,0.506
E14001295,Lab,78448,40032,101,Houghton and Sunderland South,0.4,31.6,28.3,11.6,28.1,0.509
E14001296,Lab,74063,51909,247,Hove and Portslade,0.8,25.8,29.2,33.1,11.0,0.517
E14001297,Lab,77795,40165,147,Huddersfield,0.7,30.9,25.4,24.1,18.9,0.501
E14001299,Lab,67147,36374,149,Hyndburn,0.3,34.3,29.0,22.8,13.7,0.513
E14001300,Lab,78657,46888,121,Ilford North,1.3,28.1,32.2,27.2,11.2,0.5
E14001301,Lab,80993,41170,167,Ilford South,1.4,21.9,25.9,36.9,13.9,0.496
E14001302,Lab,75396,44071,167,Ipswich,0.8,27.0,26.4,25.1,20.7,0.503
E14001304,Lab,55406,34290,78,Isle of Wight West,1.0,42.6,25.3,19.6,11.6,0.498
E14001306,Lab,74122,42754,235,Islington South and Finsbury,2.3,11.1,13.5,31.2,42.0,0.515
E14001307,Lab,70272,36728,85,Jarrow and Gateshead East,0.4,27.2,26.9,12.1,33.5,0.517
E14001310,Lab,77306,41908,213,Kensington and Bayswater,1.2,18.7,11.5,42.5,26.0,0.51
E14001311,Lab,79360,50231,152,Kettering,1.6,32.1,33.3,19.6,13.4,0.513
E14001313,Lab,70650,29816,88,Kingston upon Hull East,0.9,24.6,26.3,17.8,30.3,0.485
E14001314,Lab,75280,38228,137,Kingston upon Hull North and Cottingham,0.6,26.3,26.1,25.0,22.0,0.49
E14001315,Lab,73252,38178,116,Kingston upon Hull West and Haltemprice,0.9,29.3,27.7,22.7,19.4,0.494
E14001317,Lab,71964,36047,88,Knowsley,1.0,26.7,29.3,15.5,27.5,0.509
E14001318,Lab,74760,43008,199,Lancaster and Wyre,1.3,38.8,28.2,20.2,11.5,0.517
E14001319,Lab,70554,31595,135,Leeds Central and Headingley,0.7,15.2,16.7,44.8,22.6,0.502
E14001320,Lab,76207,39388,129,Leeds East,0.9,28.0,28.5,16.6,26.0,0.513
E14001321,Lab,70178,45167,221,Leeds North East,0.6,31.9,32.3,18.8,16.4,0.518
E14001322,Lab,71592,49777,176,Leeds North West,0.8,39.1,35.6,12.6,11.9,0.497
E14001323,Lab,75953,31678,473,Leeds South,1.0,16.8,19.7,30.3,32.2,0.499
E14001324,Lab,71854,40209,114,Leeds South West and Morley,0.7,31.3,36.1,17.0,15.0,0.492
E14001325,Lab,70069,38494,121,Leeds West and Pudsey,0.8,25.8,31.0,20.5,21.9,0.483
E14001328,Lab,74102,35397,161,Leicester West,0.9,21.6,21.9,29.1,26.6,0.482
E14001329,Lab,79978,41170,147,Leigh and Atherton,0.9,31.9,31.4,18.3,17.5,0.497
E14001331,Lab,73380,40637,192,Lewisham East,1.2,18.0,28.6,24.4,27.7,0.49
E14001332,Lab,74205,44167,262,Lewisham North,2.5,11.1,21.4,31.7,33.2,0.493
E14001333,Lab,69386,46414,213,Lewisham West and East Dulwich,1.0,18.3,32.1,25.0,23.6,0.49
E14001334,Lab,71491,43732,208,Leyton and Wanstead,1.2,21.8,26.3,31.9,18.7,0.488
E14001335,Lab,76118,49104,159,Lichfield,1.0,41.9,31.7,12.7,12.7,0.491
E14001336,Lab,72315,42160,165,Lincoln,1.2,27.4,25.5,26.4,19.5,0.509
E14001337,Lab,69282,41993,155,Liverpool Garston,1.0,32.7,29.7,13.8,22.7,0.499
E14001338,Lab,71380,32381,156,Liverpool Riverside,1.0,12.7,11.2,38.1,37.0,0.491
E14001339,Lab,69317,36886,132,Liverpool Walton,0.7,26.6,25.9,19.7,27.1,0.514
E14001340,Lab,70581,39815,231,Liverpool Wavertree,0.7,25.1,23.1,31.2,19.8,0.503
E14001341,Lab,69934,38006,162,Liverpool West Derby,0.5,29.1,28.0,20.9,21.4,0.491
W07000098,Lab,71538,40744,124,Llanelli,0.4,40.5,28.6,14.7,15.7,0.512
E14001342,Lab,68961,42259,177,Loughborough,1.1,35.0,28.9,20.9,14.2,0.481
E14001344,Lab,74332,41824,101,Lowestoft,0.5,40.7,24.6,19.9,14.3,0.481
E14001345,Lab,74866,38745,162,Luton North,0.7,31.2,32.8,19.6,15.7,0.518
E14001346,Lab,77312,38382,176,Luton South and South Bedfordshire,0.7,23.5,24.8,34.7,16.2,0.516
E14001347,Lab,74876,52792,143,Macclesfield,0.8,40.4,32.1,15.0,11.7,0.512
E14001350,Lab,76641,40263,135,Makerfield,0.4,38.1,34.4,13.5,13.6,0.508
E14001352,Lab,85204,39725,181,Manchester Central,0.8,14.7,18.9,40.8,24.9,0.49
E14001353,Lab,72608,29033,193,Manchester Rusholme,0.8,11.0,14.5,39.4,34.3,0.498
E14001354,Lab,70555,41731,240,Manchester Withington,0.6,22.6,27.7,34.0,15.0,0.495
E14001355,Lab,74535,41087,114,Mansfield,0.7,35.3,28.7,19.1,16.2,0.511
W07000099,Lab,74460,35215,115,Merthyr Tydfil and Aberdare,0.3,36.6,27.6,16.1,19.4,0.516
W07000100,Lab,79033,46629,147,Mid and South Pembrokeshire,0.3,42.4,23.0,16.6,17.6,0.506
E14001361,Lab,70384,41509,115,Mid Cheshire,1.8,33.2,34.2,15.3,15.5,0.513
E14001362,Lab,69917,47543,153,Mid Derbyshire,0.7,45.6,33.0,12.9,7.8,0.505
E14001367,Lab,75123,34407,92,Middlesbrough and Thornaby East,0.7,25.1,23.9,25.5,24.7,0.501
E14001368,Lab,70331,38035,529,Middlesbrough South and East Cleveland,0.7,36.5,29.4,14.3,19.0,0.5
E14001369,Lab,81078,47729,201,Milton Keynes Central,8.2,18.9,27.8,24.7,20.4,0.514
E14001370,Lab,70709,45977,184,Milton Keynes North,4.6,29.7,32.6,18.4,14.8,0.5
E14001371,Lab,77282,45255,182,Mitcham and Morden,1.4,23.4,29.7,27.0,18.5,0.508
W07000101,Lab,74823,50844,154,Monmouthshire,0.4,43.3,28.6,13.6,14.0,0.519
W07000102,Lab,74039,43259,193,Montgomeryshire and Glyndwr,0.5,40.5,23.7,16.7,18.6,0.502
E14001372,Lab,76424,48059,171,Morecambe and Lunesdale,0.7,45.3,27.7,19.2,7.2,0.496
W07000103,Lab,76291,40137,132,Neath and Swansea East,0.5,36.6,29.2,15.4,18.4,0.491
E14001377,Lab,76822,41355,167,Newcastle upon Tyne Central and West,0.8,22.9,22.0,23.0,31.3,0.517
E14001378,Lab,76245,42321,123,Newcastle upon Tyne East and Wallsend,0.7,23.0,23.6,20.6,32.1,0.492
E14001379,Lab,74768,48617,197,Newcastle upon Tyne North,0.5,30.8,30.0,22.1,16.6,0.509
E14001380,Lab,67815,39618,158,Newcastle-under-Lyme,0.8,36.2,28.8,15.4,18.8,0.498
W07000104,Lab,76683,38531,154,Newport East,0.9,29.2,30.4,18.8,20.7,0.5
W07000105,Lab,75785,41951,163,Newport West and Islwyn,0.7,35.5,34.2,12.3,17.3,0.496
E14001382,Lab,72215,39846,79,Newton Aycliffe and Spennymoor,0.4,32.2,29.0,15.9,22.4,0.5
E14001383,Lab,75645,36349,137,Normanton and Hemsworth,0.8,32.1,30.7,14.4,22.1,0.506
E14001389,Lab,73226,41565,162,North Durham,0.4,34.8,29.1,15.9,19.8,0.507
E14001391,Lab,73234,45866,120,North East Derbyshire,0.7,41.5,29.1,10.3,18.4,0.483
E14001393,Lab,77697,52520,173,North East Hertfordshire,1.2,35.1,31.5,13.1,19.0,0.491
E14001394,Lab,73889,51125,142,North East Somerset and Hanham,1.0,41.5,34.8,11.4,11.2,0.517
E14001397,Lab,74190,48843,149,North Northumberland,0.6,42.3,23.0,17.4,16.7,0.488
E14001399,Lab,74426,53766,177,North Somerset,0.7,44.1,33.5,14.2,7.6,0.499
E14001400,Lab,69752,40940,141,North Warwickshire and Bedworth,1.0,37.6,32.3,15.3,13.9,0.509
E14001401,Lab,75915,44424,184,North West Cambridgeshire,1.4,28.8,34.0,21.0,14.8,0.515
E14001404,Lab,77750,48572,137,North West Leicestershire,1.2,36.7,34.7,13.7,13.6,0.488
E14001406,Lab,75575,41813,138,Northampton North,1.6,24.7,27.1,27.0,19.5,0.499
E14001407,Lab,70393,43904,159,Northampton South,1.7,29.8,36.7,19.4,12.5,0.504
E14001408,Lab,73717,45765,185,Norwich North,0.7,34.6,28.4,16.2,20.1,0.514
E14001409,Lab,76296,45095,179,Norwich South,0.8,24.4,18.7,28.2,27.9,0.489
E14001410,Lab,69395,36401,226,Nottingham East,0.7,19.4,20.6,37.9,21.4,0.513
E14001411,Lab,73768,35007,200,Nottingham North and Kimberley,0.7,26.8,27.5,18.1,26.9,0.485
E14001412,Lab,64255,32879,164,Nottingham South,0.9,24.6,22.1,26.6,25.8,0.512
E14001413,Lab,71843,41213,105,Nuneaton,1.0,33.5,33.4,17.2,14.8,0.488
E14001415,Lab,73460,40065,157,Oldham East and Saddleworth,0.7,33.0,29.1,17.7,19.5,0.515
E14001416,Lab,76031,38573,199,"Oldham West, Chadderton and Royton",0.8,29.8,28.1,17.5,23.8,0.485
E14001418,Lab,72312,43873,120,Ossett and Denby Dale,0.8,39.6,32.9,13.7,12.9,0.485
E14001419,Lab,71845,39341,390,Oxford East,1.8,23.6,20.8,30.9,23.0,0.514
E14001421,Lab,72127,38797,226,Peckham,3.4,7.7,16.1,25.3,47.5,0.519
E14001422,Lab,78796,46754,158,Pendle and Clitheroe,0.8,37.2,28.8,21.3,12.0,0.511
E14001423,Lab,70435,43965,167,Penistone and Stocksbridge,0.4,42.2,33.3,10.7,13.3,0.495
E14001424,Lab,77935,49281,148,Penrith and Solway,0.8,45.8,24.8,14.2,14.4,0.496
E14001425,Lab,73378,41872,143,Peterborough,1.4,26.7,25.7,25.5,20.7,0.509
E14001426,Lab,74724,42856,118,Plymouth Moor View,1.7,30.8,29.2,13.8,24.5,0.497
E14001427,Lab,75313,42095,193,Plymouth Sutton and Devonport,0.9,21.7,23.5,35.0,19.0,0.516
E14001428,Lab,74618,35957,123,"Pontefract, Castleford and Knottingley",0.9,30.6,32.1,13.9,22.5,0.482
W07000106,Lab,75951,39378,116,Pontypridd,0.3,36.5,32.5,16.6,14.1,0.519
E14001429,Lab,72509,44495,148,Poole,1.0,36.4,29.8,21.4,11.4,0.488
E14001430,Lab,84116,43051,316,Poplar and Limehouse,2.6,8.0,16.2,42.4,30.9,0.514
E14001431,Lab,70446,41593,148,Portsmouth North,1.0,31.0,32.8,19.9,15.3,0.486
E14001432,Lab,73711,38928,180,Portsmouth South,1.2,20.6,21.4,36.4,20.4,0.481
E14001433,Lab,77400,39993,139,Preston,0.7,26.8,24.7,25.5,22.2,0.494
E14001434,Lab,72686,49295,218,Putney,2.1,19.3,25.0,34.7,18.9,0.495
E14001435,Lab,75558,38343,275,Queen's Park and Maida Vale,1.4,12.7,14.2,33.4,38.3,0.513
E14001436,Lab,69133,33904,109,Rawmarsh and Conisbrough,0.9,32.3,30.3,14.5,22.1,0.501
E14001438,Lab,73600,45291,216,Reading Central,1.3,22.1,26.1,37.3,13.3,0.513
E14001439,Lab,68781,46551,151,Reading West and Mid Berkshire,1.0,35.7,34.5,16.0,12.7,0.483
E14001440,Lab,70241,38209,103,Redcar,0.6,35.3,28.0,15.6,20.5,0.517
E14001441,Lab,71042,42375,126,Redditch,1.0,32.5,33.4,13.8,19.2,0.512
W07000107,Lab,74493,35806,136,Rhondda and Ogmore,0.3,39.5,27.2,19.9,13.1,0.483
E14001443,Lab,80484,52023,181,Ribble Valley,1.0,43.9,35.8,13.5,5.8,0.487
E14001446,Lab,72507,39688,95,Rochdale,0.5,28.9,29.0,19.9,21.7,0.497
E14001447,Lab,74257,42598,135,Rochester and Strood,2.1,29.7,34.8,18.4,14.9,0.486
E14001450,Lab,74440,44618,138,Rossendale and Darwen,0.4,34.3,34.1,17.9,13.2,0.483
E14001451,Lab,69459,41608,104,Rother Valley,0.4,39.9,32.7,13.5,13.5,0.514
E14001452,Lab,75929,36932,364,Rotherham,0.9,28.8,27.0,17.1,26.1,0.504
E14001453,Lab,74901,49004,196,Rugby,1.5,33.3,33.8,18.4,13.0,0.496
E14001455,Lab,70801,42235,171,Runcorn and Helsby,1.2,34.5,29.3,13.3,21.7,0.483
E14001457,Lab,79160,57744,212,Rushcliffe,1.1,41.0,34.5,14.8,8.5,0.513
E14001459,Lab,83633,39704,185,Salford,0.9,15.9,19.2,36.4,27.5,0.506
E14001461,Lab,74544,44221,120,Scarborough and Whitby,1.0,40.0,22.6,22.3,14.2,0.504
E14001462,Lab,73855,39051,103,Scunthorpe,0.4,35.4,28.5,18.2,17.6,0.506
E14001463,Lab,74284,47449,225,Sefton Central,0.5,49.1,33.0,10.3,7.1,0.496
E14001464,Lab,78043,49222,161,Selby,1.3,36.1,37.4,12.9,12.4,0.488
E14001466,Lab,70389,31612,529,Sheffield Brightside and Hillsborough,0.5,25.2,23.1,17.0,34.2,0.518
E14001467,Lab,60594,31803,287,Sheffield Central,0.6,18.6,18.6,45.0,17.2,0.503
E14001468,Lab,72900,51601,504,Sheffield Hallam,0.2,44.6,34.5,13.2,7.5,0.502
E14001469,Lab,73452,38446,638,Sheffield Heeley,0.4,27.1,25.8,15.2,31.4,0.501
E14001470,Lab,74156,35771,796,Sheffield South East,0.6,33.2,30.4,12.8,23.0,0.501
E14001471,Lab,78896,48660,161,Sherwood Forest,0.7,37.8,33.4,14.8,13.3,0.515
E14001472,Lab,74130,48303,147,Shipley,0.6,37.8,33.1,17.5,11.0,0.518
E14001473,Lab,76599,51560,195,Shrewsbury,1.0,38.9,28.0,17.7,14.4,0.507
E14001474,Lab,79067,40998,90,Sittingbourne and Sheppey,1.3,33.1,33.4,19.4,12.8,0.507
E14001477,Lab,81295,43278,167,Slough,1.2,20.0,29.0,31.5,18.3,0.502
E14001478,Lab,72863,35115,211,Smethwick,1.2,27.5,26.1,21.8,23.3,0.519
E14001483,Lab,73714,45737,153,South Derbyshire,1.0,36.6,37.7,14.3,10.4,0.489
E14001485,Lab,75924,49037,171,South Dorset,0.9,42.2,23.9,19.7,13.2,0.486
E14001486,Lab,72654,49286,136,South East Cornwall,1.1,44.7,25.2,17.1,11.9,0.495
E14001489,Lab,74006,49579,164,South Norfolk,1.4,39.8,34.2,13.5,11.1,0.494
E14001491,Lab,73420,46720,170,South Ribble,0.9,41.0,35.3,11.8,10.9,0.482
E14001492,Lab,68366,36824,88,South Shields,0.7,31.9,25.5,14.5,27.4,0.481
E14001497,Lab,74724,44335,139,South West Norfolk,0.6,39.7,26.2,19.4,14.1,0.491
E14001499,Lab,68379,38053,124,Southampton Itchen,1.5,23.5,27.3,25.4,22.4,0.482
E14001500,Lab,65520,35805,160,Southampton Test,0.9,20.8,23.4,33.3,21.6,0.499
E14001501,Lab,70217,39656,145,Southend East and Rochford,1.1,28.6,26.5,27.4,16.5,0.485
E14001502,Lab,75154,46968,163,Southend West and Leigh,0.5,35.0,34.0,23.1,7.6,0.505
E14001503,Lab,77542,45671,256,Southgate and Wood Green,1.5,24.3,23.3,32.5,18.4,0.489
E14001504,Lab,73641,45059,127,Southport,1.1,40.3,28.3,23.3,7.0,0.486
E14001506,Lab,72642,41058,137,Spen Valley,0.5,35.4,33.6,16.5,14.0,0.504
E14001508,Lab,76076,46732,130,St Austell and Newquay,1.4,39.0,26.7,21.7,11.2,0.485
E14001509,Lab,75483,40474,155,St Helens North,0.8,35.0,30.4,13.3,20.5,0.501
E14001510,Lab,71569,38035,85,St Helens South and Whiston,0.9,33.8,29.3,16.9,19.2,0.519
E14001513,Lab,70608,46009,160,Stafford,0.9,37.3,30.2,16.7,14.8,0.488
E14001515,Lab,72265,37239,117,Stalybridge and Hyde,0.4,29.9,32.2,16.4,21.0,0.509
E14001516,Lab,70976,42715,155,Stevenage,1.6,27.6,31.0,14.9,25.0,0.517
E14001517,Lab,76632,43683,185,Stockport,1.5,27.0,31.6,19.8,20.0,0.493
E14001518,Lab,70242,37401,125,Stockton North,0.6,29.2,29.4,19.1,21.7,0.516
E14001520,Lab,73812,35289,137,Stoke-on-Trent Central,0.8,26.5,23.8,24.7,24.2,0.515
E14001521,Lab,69854,36150,103,Stoke-on-Trent North,0.6,33.7,27.9,18.2,19.6,0.503
E14001522,Lab,70002,40942,120,Stoke-on-Trent South,0.6,39.9,30.7,12.2,16.5,0.513
E14001524,Lab,68311,39878,113,Stourbridge,0.7,36.9,28.7,15.2,18.4,0.487
E14001525,Lab,80735,43435,287,Stratford and Bow,3.7,10.5,17.3,37.6,30.9,0.483
E14001527,Lab,82829,44553,190,Streatham and Croydon North,1.6,19.6,29.5,31.6,17.8,0.496
E14001528,Lab,75153,46002,168,Stretford and Urmston,1.0,31.4,32.3,15.5,19.8,0.489
E14001529,Lab,77905,55221,227,Stroud,1.3,40.9,30.9,13.7,13.1,0.484
E14001530,Lab,74522,49451,189,Suffolk Coastal,0.4,46.2,22.9,17.0,13.4,0.504
E14001531,Lab,76145,39957,99,Sunderland Central,0.5,32.0,25.6,19.8,22.0,0.516
W07000108,Lab,74236,35657,130,Swansea West,0.7,28.8,21.5,22.9,26.1,0.51
E14001536,Lab,73224,44165,124,Swindon North,1.5,29.3,37.5,15.8,15.8,0.503
E14001537,Lab,72575,44794,147,Swindon South,1.4,27.3,31.8,23.8,15.7,0.517
E14001538,Lab,75055,43788,116,Tamworth,0.8,35.7,33.3,13.8,16.3,0.485
E14001541,Lab,73808,40730,148,Telford,1.0,26.8,29.7,22.7,19.8,0.5
E14001546,Lab,73392,37558,97,Thurrock,0.9,20.9,38.2,20.7,19.3,0.491
E14001547,Lab,74098,31850,139,Tipton and Wednesbury,1.0,25.9,25.3,15.1,32.7,0.516
E14001550,Lab,76168,52943,255,Tooting,1.2,18.3,28.2,36.0,16.3,0.518
W07000109,Lab,71738,35705,117,Torfaen,0.7,34.7,29.7,11.2,23.8,0.508
E14001553,Lab,75906,40148,250,Tottenham,2.9,12.3,14.9,36.9,33.0,0.487
E14001554,Lab,72982,50264,163,Truro and Falmouth,1.3,40.3,24.5,21.0,12.8,0.484
E14001557,Lab,73194,48418,136,Tynemouth,0.4,36.4,30.4,16.3,16.5,0.505
E14001558,Lab,74745,45914,175,Uxbridge and South Ruislip,1.4,27.6,32.2,24.5,14.4,0.485
W07000110,Lab,74465,45826,139,Vale of Glamorgan,0.3,36.9,33.6,16.0,13.2,0.502
E14001559,Lab,77527,37536,261,Vauxhall and Camberwell Green,2.6,9.0,14.4,28.8,45.1,0.488
E14001560,Lab,75067,40656,112,Wakefield and Rothwell,0.8,29.6,30.0,16.4,23.2,0.489
E14001561,Lab,74082,42746,168,Wallasey,0.6,33.8,29.2,22.1,14.3,0.513
E14001562,Lab,74951,37191,141,Walsall and Bloxwich,0.6,25.7,22.4,20.7,30.6,0.512
E14001563,Lab,74474,45668,255,Walthamstow,2.3,16.3,29.0,30.1,22.3,0.512
E14001564,Lab,70601,40041,125,Warrington North,0.8,34.3,30.7,14.4,19.8,0.498
E14001565,Lab,78394,49672,192,Warrington South,0.8,35.3,35.7,16.3,11.9,0.509
E14001566,Lab,76294,49198,245,Warwick and Leamington,1.7,29.6,30.7,21.2,16.8,0.504
E14001567,Lab,70972,37021,100,Washington and Gateshead South,0.4,30.4,26.8,12.3,30.0,0.494
E14001568,Lab,73100,44455,192,Watford,1.1,24.5,31.4,27.5,15.5,0.496
E14001571,Lab,77542,43985,145,Wellingborough and Rushden,1.3,31.2,31.7,18.8,17.0,0.481
E14001573,Lab,75259,48455,192,Welwyn Hatfield,1.7,26.4,28.8,16.7,26.4,0.516
E14001574,Lab,74025,36481,136,West Bromwich,0.9,30.2,27.2,18.3,23.3,0.497
E14001576,Lab,78964,36348,149,West Ham and Beckton,3.0,9.3,17.5,36.0,34.2,0.505
E14001577,Lab,74081,44200,224,West Lancashire,1.0,37.5,31.4,14.3,15.7,0.488
E14001581,Lab,71396,42390,143,Weston-super-Mare,0.8,33.2,31.1,24.0,10.9,0.501
E14001583,Lab,73198,41840,159,Whitehaven and Workington,0.4,39.9,28.7,10.7,20.2,0.505
E14001584,Lab,70161,38116,95,Widnes and Halewood,0.8,32.7,32.2,13.6,20.8,0.506
E14001585,Lab,77538,40899,124,Wigan,0.7,33.1,29.2,16.4,20.7,0.489
E14001589,Lab,72838,49951,187,Wirral West,0.4,47.7,32.0,11.5,8.3,0.491
E14001594,Lab,70715,33289,107,Wolverhampton North East,0.7,30.5,26.0,15.1,27.8,0.501
E14001595,Lab,77473,33382,129,Wolverhampton South East,0.8,25.4,24.0,18.6,31.3,0.49
E14001596,Lab,77851,43657,153,Wolverhampton West,0.9,33.5,25.9,22.1,17.7,0.497
E14001597,Lab,74931,46036,179,Worcester,1.1,32.0,29.4,21.2,16.3,0.506
E14001598,Lab,78643,42543,164,Worsley and Eccles,0.8,30.0,32.8,16.7,19.7,0.515
E14001599,Lab,77039,50997,178,Worthing West,0.8,40.4,28.7,20.0,10.0,0.513
W07000111,Lab,70269,40373,128,Wrexham,0.6,34.9,28.3,16.6,19.6,0.485
E14001600,Lab,73415,44637,174,Wycombe,1.5,28.2,34.2,21.4,14.7,0.516
E14001602,Lab,77767,39132,142,Wythenshawe and Sale East,1.0,23.0,26.6,16.6,32.8,0.49
E14001604,Lab,79557,43323,228,York Central,0.9,27.5,24.9,28.0,18.7,0.508
E14001605,Lab,76228,51106,184,York Outer,0.9,47.3,32.2,11.1,8.6,0.485
E14001064,Con,70268,40912,156,Aldridge-Brownhills,0.7,42.0,33.2,10.7,13.4,0.104
E14001067,Con,77969,54740,214,Arundel and South Downs,1.0,44.3,28.6,14.3,11.7,0.109
E14001077,Con,76873,42124,176,Basildon and Billericay,1.1,29.5,32.3,13.0,24.0,0.104
E14001082,Con,72751,47726,162,Beaconsfield,1.1,37.7,33.5,15.4,12.2,0.096
E14001087,Con,71994,44897,144,Beverley and Holderness,0.6,44.4,29.7,15.8,9.6,0.107
E14001088,Con,72198,47750,188,Bexhill and Battle,0.9,48.5,25.3,16.2,9.2,0.096
E14001108,Con,76854,47827,186,Bognor Regis and Littlehampton,1.3,41.9,25.5,21.0,10.3,0.098
E14001121,Con,77673,49028,167,Braintree,0.8,35.4,33.6,15.2,14.9,0.108
E14001125,Con,75352,48332,169,Brentwood and Ongar,0.9,37.2,34.8,15.1,12.0,0.094
E14001126,Con,71571,40129,149,Bridgwater,1.0,36.5,28.7,19.5,14.2,0.093
E14001127,Con,74438,42937,140,Bridlington and The Wolds,0.6,44.1,24.3,21.0,10.1,0.09
E14001128,Con,73099,42508,168,Brigg and Immingham,0.5,42.5,33.2,14.2,9.5,0.104
E14001136,Con,76863,49513,192,Broadland and Fakenham,1.0,45.2,29.1,13.8,10.9,0.098
E14001137,Con,70713,46788,173,Bromley and Biggin Hill,0.8,34.1,38.1,17.6,9.4,0.092
E14001138,Con,76468,50405,140,Bromsgrove,1.1,42.4,35.1,10.6,10.7,0.11
E14001139,Con,75210,42952,142,Broxbourne,1.1,33.3,35.4,16.0,14.2,0.106
E14001154,Con,71026,40633,138,Castle Point,0.4,45.4,34.8,14.0,5.4,0.106
E14001155,Con,75385,53432,211,Central Devon,1.0,44.3,26.9,18.0,9.9,0.097
E14001156,Con,73046,46423,215,Central Suffolk and North Ipswich,0.7,42.4,31.1,13.8,12.1,0.097
E14001164,Con,74284,52486,155,Chester South and Eddisbury,1.5,43.2,32.2,13.9,9.3,0.103
E14001167,Con,74010,48512,135,Chingford and Woodford Green,1.1,30.3,33.7,18.6,16.3,0.091
E14001171,Con,71060,47335,143,Christchurch,0.9,51.3,25.6,12.1,10.1,0.089
E14001187,Con,74889,49378,159,Croydon South,1.6,31.8,37.6,19.2,9.8,0.095
E14001192,Con,80879,53082,216,Daventry,1.5,37.3,34.8,13.8,12.8,0.091
E14001203,Con,76624,49609,177,Droitwich and Evesham,1.3,38.9,30.1,13.5,16.2,0.09
E14001212,Con,75385,50393,471,East Grinstead and Uckfield,1.2,39.7,34.8,14.5,9.7,0.091
E14001214,Con,70659,50006,157,East Hampshire,1.4,41.4,31.4,13.7,12.1,0.098
E14001215,Con,73307,49196,208,East Surrey,1.3,36.1,37.4,13.2,12.0,0.104
E14001217,Con,74139,47193,167,East Wiltshire,1.3,33.3,26.8,22.7,15.9,0.109
E14001226,Con,72229,41753,793,Epping Forest,0.8,33.4,34.8,15.5,15.5,0.101
E14001232,Con,79983,51316,151,Exmouth and Exeter East,2.0,40.2,29.7,16.2,11.9,0.097
E14001233,Con,76947,50123,168,Fareham and Waterlooville,1.1,41.6,32.8,13.1,11.4,0.108
E14001234,Con,75920,53015,197,Farnham and Bordon,1.3,37.3,35.2,13.9,12.4,0.089
E14001235,Con,74301,46594,172,Faversham and Mid Kent,1.7,36.5,33.3,12.8,15.7,0.11
E14001242,Con,77100,47960,145,Fylde,0.8,44.0,28.7,18.8,7.8,0.091
E14001243,Con,75836,46685,177,Gainsborough,1.0,41.5,28.8,17.8,10.9,0.102
E14001249,Con,75816,54696,138,Godalming and Ash,1.4,38.1,34.0,14.1,12.4,0.107
E14001250,Con,79925,49742,165,Goole and Pocklington,0.6,41.1,33.3,16.1,8.9,0.093
E14001252,Con,73261,44277,134,Gosport,1.3,37.2,29.2,17.5,14.8,0.11
E14001253,Con,73285,46125,150,Grantham and Bourne,1.0,37.3,30.4,18.5,12.7,0.092
E14001263,Con,79478,54004,187,Hamble Valley,1.7,36.5,38.0,14.1,9.7,0.109
E14001266,Con,77075,50386,191,"Harborough, Oadby and Wigston",1.4,41.6,32.9,15.5,8.6,0.094
E14001270,Con,76513,47777,204,Harrow East,1.3,33.3,27.3,27.8,10.3,0.109
E14001273,Con,76296,48043,195,Harwich and North Essex,0.6,41.8,30.4,17.2,10.0,0.092
E14001275,Con,72323,42186,133,Havant,1.0,37.7,28.3,12.6,20.4,0.106
E14001281,Con,72203,45572,154,Hereford and South Herefordshire,1.0,38.8,24.9,19.5,15.9,0.102
E14001282,Con,77869,48827,196,Herne Bay and Sandwich,0.9,43.4,28.7,18.2,8.8,0.089
E14001284,Con,73465,48007,204,Hertsmere,1.1,32.1,33.1,16.8,16.8,0.101
E14001288,Con,76407,47799,147,Hinckley and Bosworth,0.9,39.0,34.6,14.9,10.6,0.108
E14001292,Con,75438,46911,125,Hornchurch and Upminster,0.8,36.1,34.6,13.0,15.5,0.094
E14001298,Con,79074,52040,194,Huntingdon,1.5,36.0,32.4,17.5,12.6,0.092
E14001303,Con,55855,34078,71,Isle of Wight East,0.7,46.0,21.4,21.7,10.2,0.094
E14001308,Con,74367,46186,175,Keighley and Ilkley,0.7,38.9,30.5,19.8,10.1,0.098
E14001309,Con,74923,53320,184,Kenilworth and Southam,1.5,42.4,33.2,12.5,10.4,0.102
E14001316,Con,71645,45180,146,Kingswinford and South Staffordshire,0.5,46.9,31.0,10.5,11.0,0.093
E14001326,Con,76560,46714,255,Leicester East,1.0,28.6,26.1,24.3,20.1,0.099
E14001343,Con,76880,46479,131,Louth and Horncastle,1.1,47.3,22.8,18.4,10.5,0.09
E14001349,Con,76449,46389,131,Maidstone and Malling,2.0,29.9,33.9,20.3,13.9,0.099
E14001351,Con,78282,49841,199,Maldon,0.8,43.4,33.7,11.7,10.3,0.109
E14001357,Con,74316,45986,163,Melton and Syston,1.3,40.2,32.5,16.0,10.1,0.105
E14001358,Con,73659,44035,161,Meriden and Solihull East,0.8,38.0,30.7,13.2,17.3,0.091
E14001359,Con,75457,49621,179,Mid Bedfordshire,2.5,34.3,39.8,11.8,11.5,0.105
E14001360,Con,75622,53951,231,Mid Buckinghamshire,1.4,38.8,36.3,12.8,10.6,0.098
E14001364,Con,75924,48050,181,Mid Leicestershire,0.8,41.7,37.2,13.0,7.3,0.095
E14001365,Con,75238,45897,222,Mid Norfolk,0.8,42.5,28.2,16.8,11.6,0.102
E14001373,Con,70618,45230,146,New Forest East,0.6,43.6,30.5,13.6,11.7,0.098
E14001374,Con,68644,46337,152,New Forest West,0.8,49.6,24.6,15.1,9.9,0.095
E14001375,Con,79783,53459,198,Newark,1.0,40.4,30.3,16.3,12.0,0.103
E14001384,Con,78850,51561,210,North Bedfordshire,2.1,35.3,37.0,13.1,12.4,0.11
E14001386,Con,73203,50229,188,North Cotswolds,1.8,40.2,29.8,15.6,12.6,0.1
E14001388,Con,72690,49683,153,North Dorset,1.0,44.0,27.1,16.2,11.8,0.108
E14001390,Con,71511,39176,145,North East Cambridgeshire,0.6,37.7,29.1,19.9,12.7,0.092
E14001402,Con,79698,54386,215,North West Essex,1.9,35.3,34.9,13.9,14.0,0.11
E14001403,Con,78629,50823,171,North West Hampshire,2.5,30.2,35.0,14.6,17.8,0.108
E14001405,Con,74415,44566,187,North West Norfolk,0.6,40.8,24.5,18.7,15.4,0.093
E14001414,Con,73198,47633,126,Old Bexley and Sidcup,1.1,37.7,38.5,13.7,8.9,0.097
E14001417,Con,71284,46073,165,Orpington,0.8,38.1,35.1,11.3,14.7,0.109
E14001437,Con,76576,47978,166,Rayleigh and Wickford,0.6,44.0,37.7,11.3,6.4,0.106
E14001442,Con,77102,53161,198,Reigate,1.3,35.0,36.9,15.8,11.1,0.092
E14001444,Con,73886,48526,99,Richmond and Northallerton,0.7,43.2,24.4,18.8,13.0,0.098
E14001448,Con,72928,44047,132,Romford,1.3,32.8,35.2,19.1,11.7,0.092
E14001449,Con,71871,50027,151,Romsey and Southampton North,1.3,38.9,29.0,17.7,13.1,0.105
E14001454,Con,71683,47091,160,"Ruislip, Northwood and Pinner",0.6,36.6,32.7,19.4,10.7,0.108
E14001456,Con,73610,48253,156,Runnymede and Weybridge,1.3,33.4,34.5,18.9,11.9,0.1
E14001458,Con,71763,48577,170,Rutland and Stamford,1.5,42.1,29.2,16.4,10.9,0.105
E14001460,Con,71802,50173,174,Salisbury,1.7,38.2,27.5,17.6,15.0,0.109
E14001465,Con,73708,49899,151,Sevenoaks,1.6,37.8,34.1,13.2,13.2,0.109
E14001475,Con,79238,53450,164,Skipton and Ripon,0.7,44.8,26.2,18.5,9.7,0.111
E14001476,Con,75651,48565,196,Sleaford and North Hykeham,1.3,39.8,33.2,15.6,10.1,0.091
E14001479,Con,71816,46877,151,Solihull West and Shirley,1.0,41.5,36.5,13.3,7.7,0.099
E14001487,Con,78473,45930,133,South Holland and The Deepings,1.2,40.8,29.4,16.6,11.9,0.094
E14001488,Con,78511,51359,183,South Leicestershire,1.6,39.6,37.5,11.8,9.5,0.095
E14001490,Con,78233,53697,187,South Northamptonshire,1.6,36.6,38.0,13.4,10.5,0.095
E14001493,Con,76677,51653,209,South Shropshire,0.8,47.6,21.9,18.1,11.6,0.103
E14001494,Con,74619,48801,183,South Suffolk,0.9,43.5,27.6,14.8,13.3,0.09
E14001495,Con,77600,52242,119,South West Devon,1.4,42.8,33.8,14.4,7.5,0.094
E14001496,Con,71737,48254,145,South West Hertfordshire,0.8,35.0,36.2,13.4,14.7,0.092
E14001498,Con,73071,46168,167,South West Wiltshire,0.7,37.3,30.3,17.5,14.2,0.098
E14001505,Con,73782,46166,144,Spelthorne,1.3,33.4,34.6,17.9,12.7,0.098
E14001514,Con,69892,43302,188,Staffordshire Moorlands,0.4,47.8,29.7,13.0,9.1,0.094
E14001519,Con,71868,48638,114,Stockton West,0.5,40.9,39.5,12.6,6.5,0.1
E14001523,Con,71561,42770,727,"Stone, Great Wyrley and Penkridge",1.0,42.9,31.6,11.6,12.8,0.108
E14001533,Con,72885,49175,190,Sussex Weald,1.4,43.3,32.7,13.2,9.4,0.097
E14001535,Con,74080,48333,172,Sutton Coldfield,0.6,42.5,35.3,13.1,8.5,0.097
E14001539,Con,74237,51909,198,Tatton,0.8,42.0,32.6,14.5,10.2,0.092
E14001543,Con,78942,50020,163,The Wrekin,0.8,35.5,30.2,18.4,15.0,0.104
E14001544,Con,78468,49797,169,Thirsk and Malton,1.0,43.5,23.2,19.8,12.5,0.103
E14001549,Con,72799,50328,150,Tonbridge,2.0,37.9,32.1,13.5,14.5,0.099
E14001552,Con,74727,50820,170,Torridge and Tavistock,0.9,46.3,24.0,19.4,9.4,0.109
E14001570,Con,75987,50712,257,Weald of Kent,1.8,42.6,31.5,12.9,11.3,0.095
E14001578,Con,77145,46161,173,West Suffolk,1.3,31.4,27.8,23.6,15.9,0.103
E14001579,Con,79246,54687,191,West Worcestershire,1.3,45.3,25.8,13.2,14.4,0.091
E14001582,Con,74314,52259,171,Wetherby and Easingwold,1.0,44.1,31.6,13.3,9.9,0.097
E14001588,Con,73334,45246,173,Windsor,0.8,29.8,30.6,23.2,15.6,0.103
E14001590,Con,78991,50603,171,Witham,0.7,37.3,34.8,13.1,14.0,0.092
E14001601,Con,77329,45158,137,Wyre Forest,1.1,40.7,28.0,16.0,14.2,0.097
E14001068,RUK,68929,39882,102,Ashfield,0.6,35.9,31.1,16.9,15.4,0.8
E14001114,RUK,75811,40455,128,Boston and Skegness,1.3,38.1,22.0,21.9,16.7,0.801
E14001174,RUK,78245,45958,111,Clacton,0.5,49.4,22.3,20.2,7.6,0.802
E14001256,RUK,73317,40748,121,Great Yarmouth,0.5,38.1,23.7,21.5,16.2,0.802
E14001480,RUK,72673,39549,123,South Basildon and East Thurrock,1.2,30.6,34.1,15.0,19.0,0.801
E14001080,LD,69662,48130,192,Bath,1.0,32.8,24.4,25.5,16.3,0.603
E14001090,LD,74353,50219,167,Bicester and Woodstock,2.1,34.9,33.0,18.6,11.3,0.607
W07000085,LD,73114,46548,120,"Brecon, Radnor and Cwm Tawe",0.4,46.5,22.5,16.4,14.3,0.599
E14001153,LD,74362,46670,117,Carshalton and Wallington,1.3,26.5,37.1,15.8,19.3,0.597
E14001158,LD,74383,50731,110,Cheadle,0.8,43.7,38.0,11.0,6.5,0.606
E14001159,LD,76970,50716,139,Chelmsford,1.3,31.9,33.4,18.5,14.8,0.606
E14001161,LD,76144,49542,986,Cheltenham,0.8,34.0,28.6,24.7,11.9,0.605
E14001162,LD,74889,54455,161,Chesham and Amersham,0.7,39.6,35.1,12.5,12.0,0.606
E14001166,LD,78374,51947,146,Chichester,1.7,42.9,23.2,18.0,14.2,0.605
E14001168,LD,74107,49512,157,Chippenham,1.4,35.5,32.3,16.4,14.5,0.598
E14001197,LD,80689,54733,215,Didcot and Wantage,2.9,33.0,35.0,14.7,14.4,0.595
E14001201,LD,71645,49965,168,Dorking and Horley,1.5,39.5,33.9,14.2,10.9,0.597
E14001219,LD,72590,45605,159,Eastbourne,0.7,35.8,23.9,26.6,13.0,0.593
E14001220,LD,69965,46420,130,Eastleigh,1.9,36.2,35.5,13.8,12.6,0.602
E14001224,LD,79112,52369,155,Ely and East Cambridgeshire,1.6,36.4,31.8,16.6,13.6,0.605
E14001227,LD,76513,54525,172,Epsom and Ewell,1.2,36.5,36.5,16.2,9.7,0.605
E14001230,LD,74042,53880,157,Esher and Walton,1.2,33.7,38.7,16.1,10.2,0.598
E14001241,LD,71593,46716,143,Frome and East Somerset,1.0,39.9,31.2,15.8,12.1,0.597
E14001247,LD,73268,47642,203,Glastonbury and Somerton,1.3,43.4,25.9,16.7,12.7,0.604
E14001258,LD,70662,48294,162,Guildford,1.5,33.0,30.3,21.9,13.2,0.599
E14001268,LD,72242,54336,188,Harpenden and Berkhamsted,0.5,39.2,36.2,12.9,11.3,0.607
E14001269,LD,77955,52064,125,Harrogate and Knaresborough,1.0,39.0,30.5,19.5,10.0,0.594
E14001277,LD,72846,45998,170,Hazel Grove,1.3,41.0,33.9,11.6,12.2,0.606
E14001280,LD,73749,53157,174,Henley and Thame,1.1,41.6,30.9,15.3,11.1,0.608
E14001291,LD,75537,50655,137,Honiton and Sidmouth,1.3,48.9,23.8,15.9,10.1,0.608
E14001294,LD,79150,55499,225,Horsham,1.9,35.9,34.8,15.6,11.7,0.597
E14001312,LD,77353,50664,149,Kingston and Surbiton,0.8,26.5,32.6,28.3,11.8,0.592
E14001330,LD,76166,53173,171,Lewes,0.9,45.2,28.0,16.3,9.6,0.598
E14001348,LD,75687,50329,516,Maidenhead,1.2,34.8,35.2,18.2,10.7,0.606
E14001356,LD,73482,51203,203,Melksham and Devizes,1.0,41.0,30.1,13.0,14.9,0.601
E14001363,LD,75294,49514,798,Mid Dorset and North Poole,0.8,44.6,31.1,13.1,10.4,0.601
E14001366,LD,75969,53328,145,Mid Sussex,1.4,35.8,36.1,15.4,11.3,0.6
E14001376,LD,71982,48930,173,Newbury,1.6,32.2,31.5,18.9,15.8,0.603
E14001381,LD,73885,47992,158,Newton Abbot,1.4,42.3,28.3,18.3,9.7,0.602
E14001385,LD,76741,51245,47,North Cornwall,1.1,43.1,22.5,19.8,13.5,0.599
E14001387,LD,79079,51417,132,North Devon,1.1,41.8,25.5,20.4,11.1,0.604
E14001392,LD,76923,55560,143,North East Hampshire,1.9,37.0,38.1,13.7,9.2,0.606
E14001396,LD,71438,47043,138,North Norfolk,0.7,49.6,19.6,17.4,12.7,0.604
E14001398,LD,77573,49594,120,North Shropshire,0.8,42.0,27.2,16.9,13.0,0.596
E14001420,LD,69851,45998,196,Oxford West and Abingdon,1.0,35.8,25.5,24.1,13.5,0.607
E14001445,LD,74988,51517,218,Richmond Park,0.8,29.1,29.8,27.7,12.6,0.595
E14001481,LD,77327,54885,228,South Cambridgeshire,1.9,37.9,28.9,14.6,16.6,0.596
E14001482,LD,71971,52287,163,South Cotswolds,1.9,40.4,28.8,15.6,13.4,0.596
E14001484,LD,72261,49004,142,South Devon,1.5,46.5,22.7,17.0,12.2,0.607
E14001507,LD,72739,51614,203,St Albans,0.7,32.6,35.4,17.9,13.4,0.597
E14001511,LD,69978,48106,150,St Ives,1.1,43.9,21.3,19.8,13.8,0.601
E14001512,LD,78115,52882,138,St Neots and Mid Cambridgeshire,2.7,33.1,35.1,15.2,13.9,0.606
E14001526,LD,75714,52959,179,Stratford-on-Avon,1.7,41.7,28.6,14.9,13.1,0.606
E14001532,LD,71934,47788,140,Surrey Heath,1.0,36.7,37.0,15.7,9.5,0.605
E14001534,LD,72303,47606,139,Sutton and Cheam,1.0,30.3,34.9,24.6,9.2,0.599
E14001540,LD,78680,50294,167,Taunton and Wellington,1.3,35.9,28.2,18.6,16.0,0.607
E14001542,LD,73458,48539,150,Tewkesbury,2.0,40.0,31.7,14.8,11.5,0.593
E14001545,LD,78192,53367,148,Thornbury and Yate,0.9,42.8,35.4,12.2,8.7,0.6
E14001548,LD,72087,47491,197,Tiverton and Minehead,0.9,43.6,23.2,18.6,13.8,0.601
E14001551,LD,76185,46115,110,Torbay,0.9,36.9,24.9,29.5,7.8,0.593
E14001555,LD,78738,54250,191,Tunbridge Wells,1.1,33.4,31.6,19.6,14.4,0.608
E14001556,LD,74980,53635,226,Twickenham,0.9,30.8,33.8,23.3,11.2,0.595
E14001572,LD,73538,50368,149,Wells and Mendip Hills,1.1,45.9,29.5,14.5,9.0,0.596
E14001575,LD,75998,52605,618,West Dorset,1.2,47.3,20.2,17.0,14.2,0.595
E14001580,LD,72029,49533,115,Westmorland and Lonsdale,0.8,47.1,23.1,18.1,11.0,0.601
E14001586,LD,76334,54985,171,Wimbledon,0.7,29.3,31.7,29.5,8.9,0.596
E14001587,LD,78289,57076,185,Winchester,1.2,36.7,28.4,17.4,16.2,0.6
E14001591,LD,75448,50584,158,Witney,2.4,34.6,30.7,18.5,13.8,0.593
E14001592,LD,72969,48145,171,Woking,0.9,32.0,34.5,21.1,11.5,0.605
E14001593,LD,75082,53999,199,Wokingham,2.2,36.7,38.7,14.0,8.3,0.597
E14001603,LD,79918,48952,109,Yeovil,1.2,39.2,26.9,17.5,15.1,0.599
N05000001,DUP,72917,42706,184,Belfast East,2.5,28.3,30.8,18.5,19.9,0.199
N05000005,DUP,73302,39675,142,East Antrim,2.7,39.1,32.1,14.9,11.2,0.199
N05000006,DUP,75707,41277,158,East Londonderry,3.1,38.7,26.5,18.4,13.3,0.199
N05000016,DUP,74525,38909,135,Strangford,3.1,39.5,31.3,13.3,12.9,0.201
N05000017,DUP,81249,47358,241,Upper Bann,3.3,32.1,31.5,20.8,12.3,0.2
N05000002,SF,74240,40452,293,Belfast North,3.1,26.1,26.2,16.9,27.7,0.9
N05000004,SF,75346,39743,256,Belfast West,3.8,22.4,26.3,12.5,34.9,0.901
N05000007,SF,77828,51076,260,Fermanagh and South Tyrone,3.4,41.6,26.3,18.7,10.0,0.899
N05000010,SF,74000,45445,246,Mid Ulster,3.5,39.4,30.9,17.7,8.6,0.901
N05000011,SF,78244,45942,294,Newry and Armagh,3.1,37.3,29.1,18.8,11.7,0.9
N05000015,SF,76248,45243,228,South Down,3.2,39.4,30.7,17.4,9.3,0.902
N05000018,SF,74269,43695,262,West Tyrone,3.4,39.8,26.3,18.9,11.6,0.899
N05000003,SDLP,74749,43491,266,Belfast South and Mid Down,2.7,29.6,26.9,26.8,14.0,
N05000008,SDLP,73496,38358,310,Foyle,2.7,26.1,25.4,18.3,27.5,
E14001098,Ind,76350,37476,211,Birmingham Perry Barr,0.8,28.0,24.2,24.0,23.1,0.4
E14001102,Ind,73263,38887,163,Blackburn,0.6,33.0,24.0,20.1,22.3,0.398
E14001196,Ind,71685,38070,131,Dewsbury and Batley,0.8,32.5,27.6,19.4,19.7,0.402
E14001305,Ind,72852,49006,189,Islington North,1.8,12.1,17.1,31.3,37.7,0.402
E14001327,Ind,70867,41837,158,Leicester South,0.5,24.3,18.3,34.8,22.2,0.4
N05000013,Ind,73885,43296,168,North Down,2.9,38.6,32.9,13.8,11.8,0.401
E14001130,Green,74786,52363,209,Brighton Pavilion,1.0,24.3,27.6,35.7,11.3,0.3
E14001131,Green,62735,43365,165,Bristol Central,1.1,19.1,20.8,47.0,12.0,0.302
E14001395,Green,72797,50362,145,North Herefordshire,1.3,46.1,23.1,18.2,11.2,0.299
E14001569,Green,73056,49072,131,Waveney Valley,1.0,46.7,25.2,14.5,12.6,0.299
W07000087,PC,74005,45604,187,Caerfyrddin,0.4,46.6,25.1,15.1,12.9,0.699
W07000093,PC,75690,46302,155,Ceredigion Preseli,0.3,49.2,20.7,19.3,10.4,0.699
W07000096,PC,73040,40395,215,Dwyfor Meirionnydd,0.5,46.5,21.7,15.8,15.4,0.701
W07000112,PC,53141,32628,79,Ynys MÃ´n,0.6,44.6,23.6,15.6,15.6,0.699
E14001170,Spk,74801,33964,1198,Chorley,0.7,35.4,35.2,14.4,14.3,
N05000009,APNI,82201,49081,162,Lagan Valley,3.3,36.7,35.6,11.9,12.6,
N05000012,TUV,74697,41185,176,North Antrim,3.5,39.1,27.2,16.6,13.6,
N05000014,UUP,77058,42908,181,South Antrim,3.2,35.5,37.3,13.8,10.1,
